<?xml version="1.0" encoding="UTF-8"?>

<!DOCTYPE tiles-definitions PUBLIC "-//Apache Software Foundation//DTD Tiles Configuration 3.0//EN" "http://tiles.apache.org/dtds/tiles-config_3_0.dtd">

<tiles-definitions>
	<!-- 템플릿 jsp 지정 -->
	<definition name="base" template="/WEB-INF/tiles/template.jsp">
		<put-attribute name="left" value="/WEB-INF/tiles/left.jsp" />
		<put-attribute name="header" value="/WEB-INF/tiles/header.jsp" />
		<put-attribute name="footer" value="/WEB-INF/tiles/footer.jsp" />
	</definition>
	
	<!-- 컨트롤러에서 넘어오는 url을 받아 jsp에 연결 -->
	<definition name="*.page" extends="base">
		<put-attribute name="body" value="/WEB-INF/views/{1}.jsp" />
	</definition>
	
	<definition name="*/*.page" extends="base">
		<put-attribute name="body" value="/WEB-INF/views/{1}/{2}.jsp" />
	</definition>
	
	<definition name="*/*/*.page" extends="base">
		<put-attribute name="body" value="/WEB-INF/views/{1}/{2}/{3}.jsp" />
	</definition>
	
	<!-- 메뉴 미표시 -->
	<definition name="baseEmpty" template="/WEB-INF/tiles/templateEmpty.jsp">
	</definition>
	
	<definition name="*.part" extends="baseEmpty">
		<put-attribute name="body" value="/WEB-INF/views/{1}.jsp" />
	</definition>
	
	<definition name="*/*.part" extends="baseEmpty">
		<put-attribute name="body" value="/WEB-INF/views/{1}/{2}.jsp" />
	</definition>
	
	<definition name="*/*/*.part" extends="baseEmpty">
		<put-attribute name="body" value="/WEB-INF/views/{1}/{2}/{3}.jsp" />
	</definition>
</tiles-definitions>