<?xml version="1.0" encoding="UTF-8"?>
<beans:beans xmlns="http://www.springframework.org/schema/mvc"
	xmlns:xsi="http://www.w3.org/2001/XMLSchema-instance"
	xmlns:beans="http://www.springframework.org/schema/beans"
	xmlns:context="http://www.springframework.org/schema/context"
	xmlns:p="http://www.springframework.org/schema/p"
	xsi:schemaLocation="http://www.springframework.org/schema/mvc https://www.springframework.org/schema/mvc/spring-mvc.xsd
		http://www.springframework.org/schema/beans https://www.springframework.org/schema/beans/spring-beans.xsd
		http://www.springframework.org/schema/context https://www.springframework.org/schema/context/spring-context.xsd">

	<!-- DispatcherServlet Context: defines this servlet's request-processing infrastructure -->
	
	<!-- Enables the Spring MVC @Controller programming model -->
	<annotation-driven />

	<!-- Handles HTTP GET requests for /resources/** by efficiently serving up static resources in the ${webappRoot}/resources directory -->
	<resources mapping="/resources/**" location="/resources/" />

	<!-- tilesView를 환경 설정해줄 bean -->
	<!-- 환경설정 내용이 들어있는 xml 경로 지정 -->
	<beans:bean id="tilesConfigurer" class="org.springframework.web.servlet.view.tiles3.TilesConfigurer">
		<beans:property name="definitions">
			<beans:list>
				<beans:value>/WEB-INF/tiles/tiles.xml</beans:value>
			</beans:list>
		</beans:property>
	</beans:bean>

	<!-- tilesView 알맹이 -->
	<!-- viewClass tiles'3'인거 주의(jar버전에따라 다름) -->
	<beans:bean id="viewClass" class="java.lang.String">
		<beans:constructor-arg value="org.springframework.web.servlet.view.tiles3.TilesView" />
	</beans:bean>
				
	<!-- tilesView와 controller에서 보내는 viewName을 연결해줄 본드 역할 -->
	<!-- UrlBasedViewResolver : view의 url(브라우저에서 넘어오는 url이 아니다) -->
	<!-- p:order="1" : 우선순위를 1로... -->
	<beans:bean id="tilesViewResolver"
				class="org.springframework.web.servlet.view.UrlBasedViewResolver"
				p:viewClass-ref="viewClass"
				p:order="1" />

	<!-- Resolves views selected for rendering by @Controllers to .jsp resources in the /WEB-INF/views directory -->
	<beans:bean class="org.springframework.web.servlet.view.InternalResourceViewResolver"
				p:order="2">
		<beans:property name="prefix" value="/WEB-INF/views/" />
		<beans:property name="suffix" value=".jsp" />
	</beans:bean>
	
	<!-- controller뿐만 아니라 다른 패키지에서도 어노테이션을 사용한다 싶으면  com.spring만 입력하면 됨. 대신 로딩 시간이 느려짐. -->
	<context:component-scan base-package="com.spring" />
	
	
	
</beans:beans>
